<?xml version="1.0" encoding="UTF-8"?>
<beans xmlns="http://www.springframework.org/schema/beans"
	xmlns:xsi="http://www.w3.org/2001/XMLSchema-instance"
	xsi:schemaLocation="http://www.springframework.org/schema/beans http://www.springframework.org/schema/beans/spring-beans.xsd">

	<!--  날짜 객체 등록 -->
	<bean name="date" class="java.util.Date">
		<constructor-arg value="01/02/2022"/>
	</bean>

	<!--  answer 객체 등록 -->
	<bean name="answer1" class="kr.human.di.vo.AnswerVO">
		<constructor-arg value="1"/>
		<constructor-arg value="자바"/>
		<constructor-arg value="11/02/2022"/>
	</bean>
	
	<bean name="answer2" class="kr.human.di.vo.AnswerVO">
		<property name="answer" value="HTML"/>
		<property name="posteDate" value="05/23/2002"/> <!-- ref="date"로도 가능 -->
		<property name="id" value="2"/>
	</bean>
	
	<!-- UserVO객체 등록 -->
	<bean name="user1" class="kr.human.di.vo.UserVO">
		<constructor-arg value="1"/>
		<constructor-arg value="한사람"/>
		<constructor-arg value="hansarama@gmail.com"/>
	</bean>
	
	<bean name="user2" class="kr.human.di.vo.UserVO">
		<constructor-arg value="hansarama@gmail.com" index="2"/>
		<constructor-arg value="1" type="int"/>
		<constructor-arg value="한사람" type="java.lang.String"/>
	</bean>
	
	

</beans>
