{
	"folders": {},
	"connections": {
		"mariaDB-18233f1d0ad-40607abd7893b9b2": {
			"provider": "mysql",
			"driver": "mariaDB",
			"name": "jspdb",
			"save-password": true,
			"read-only": false,
			"configuration": {
				"host": "localhost",
				"port": "3306",
				"database": "jspdb",
				"url": "jdbc:mariadb://localhost:3306/jspdb",
				"home": "mysql_client",
				"type": "dev",
				"auth-model": "native",
				"handlers": {}
			}
		}
	},
	"connection-types": {
		"dev": {
			"name": "Development",
			"color": "255,255,255",
			"description": "Regular development database",
			"auto-commit": true,
			"confirm-execute": false,
			"confirm-data-change": false,
			"auto-close-transactions": false
		}
	}
}