<?xml version="1.0" encoding="UTF-8"?>
<!DOCTYPE mapper
  PUBLIC "-//mybatis.org//DTD Mapper 3.0//EN"
  "http://mybatis.org/dtd/mybatis-3-mapper.dtd">
<mapper namespace="kr.human.mvc13.dao.FileBoardDAO">
	<!-- id: 메서드명 parameterType : 인수, resultType : 리턴값 -->
	<!--  1. 개수얻기 -->
	<select id ="selectCount" resultType="int">
		select count(*) from fileBoard
	</select>
	<!--  2. 1개얻기 -->
	<select id="selectByIdx" parameterType="int" resultType="FileBoardVO">
		select * from fileBoard where idx =#{idx}
	</select>
	<!-- 3. 1페이지 얻기 -->
	<select id="selectList" parameterType="hashmap" resultType="FileBoardVO">
      select 
          *
       from
          (select 
             rownum rnum, R.*
          from
             (select * from fileBoard order by idx desc) R
          where
             <![CDATA[
                rownum <= #{endNo}
             ]]>
         ) Q
      where
          <![CDATA[
          rnum >= #{startNo}
          ]]>
	</select>
    <!-- 4. 저장하기 -->
    <insert id="insert" parameterType="fileBoardVO">
       insert into   fileBoard 
          (idx, name, password, subject, content, regDate, ip) 
       values 
          (fileBoard_idx_seq.nextval, #{name}, #{password}, #{subject}, #{content}, SYSDATE, #{ip})
    </insert>
    <!-- 5. 수정하기 -->
    <update id="update" parameterType="fileBoardVO">
       update 
          fileBoard 
       set
          subject=#{subject}, content=#{content}, regdate=SYSDATE, ip=#{ip}
       where
          idx = #{idx}
    </update>
    
    <!-- 6. 삭제하기 -->
    <delete id="delete" parameterType="int">
       delete from fileBoard where idx = #{idx }
    </delete>
    
    <!-- 7. 현재 저장한 idx값 알아내기 -->
    <select id="selectSeq" resultType="int">
       select max(idx) from fileBoard
    </select>
	
</mapper>