<?xml version="1.0" encoding="UTF-8"?>
<!DOCTYPE mapper
  PUBLIC "-//mybatis.org//DTD Mapper 3.0//EN"
  "http://mybatis.org/dtd/mybatis-3-mapper.dtd">
<mapper namespace="kr.human.mvc13.dao.UpFileDAO">

	<!-- 1. 첨부파일 저장하기 -->
	<insert parameterType="UpFileVO" id="insert">
		insert into upfile
			(idx,ref,saveFileName, originalFileName)
		values
			(upFile_idx_seq.nextval,#{ref},#{saveFileName}, #{originalFileName})
	</insert>
	<!-- 2. 첨부파일 삭제하기 -->
	<delete parameterType="int" id="deleteByIdx">
		delete from upfile whereidx=#{idx}
	</delete>
	<!-- 3. 원본글의 모든 첨부파일 삭제하기 -->
	<delete parameterType="int" id="deleteByRef">
		delete from upfile where ref=#{ref}
	</delete>
	<!-- 4. 원본글의 모든 첨부파일 읽기 -->
	<select parameterType="int" id="selectByRef"
		resultType="UpFileVO">select * from upFile where ref=#{ref}
	</select>
	<!-- 5. 글 1개 가져오기 -->
	<select parameterType="int" id="selectByIdx"
		resultType="UpFileVO">select * from upFile where idx=#{idx}
	</select>

</mapper>