<?xml version="1.0" encoding="UTF-8"?>
<!DOCTYPE mapper
  PUBLIC "-//mybatis.org//DTD Mapper 3.0//EN"
  "http://mybatis.org/dtd/mybatis-3-mapper.dtd">
<mapper namespace="kr.human.ISP.dao.CategoryDAO">
	
	<!-- 대분류로 게시글찾기 -->
	<select id="selectByLcname" parameterType="CategoryVO" resultType="CategoryVO">
		select * from category
		where lc_name=#{lc_name}
	</select>

	<!-- 대/소분류로 게시글찾기 -->
	<select id="selectByCategory" parameterType="hashMap" resultType="CategoryVO" >
		select * from category
		where lc_name=#{lc_name} and sc_name=#{sc_name}
	</select>
	
	<!-- 1개 가져오기 -->
	<select id="selectByIdx" parameterType="int" resultType="CategoryVO">
		select * from category where category_idx = #{category_idx}
	</select>
	
	<!-- 소분류로 category_idx찾기 -->
   <select id="selectCategoryIdxByScName" parameterType="String" resultType="int" >
      select category_idx from category
      where sc_name=#{sc_name}
   </select>
	
	
</mapper>