<?xml version="1.0" encoding="UTF-8"?>
<!DOCTYPE mapper
  PUBLIC "-//mybatis.org//DTD Mapper 3.0//EN"
  "http://mybatis.org/dtd/mybatis-3-mapper.dtd">
<mapper namespace="kr.human.ISP.dao.UserCategoryDAO">
	
	<!-- 유저 카테고리 저장하기 -->
	<insert id="insert" parameterType="UserCategoryVO">
		insert into userCategoryVO values
		(userCategory_idx_seq.nextval, #{user_idx}, #{category_idx})
	</insert>
	
	<!-- 유저에 따른 카테고리 여러개 가져오기 -->
	<select id="selectByCategory" parameterType="int" resultType="UserCategoryVO">
		select * from userCategory where user_idx=#{user_idx}
	</select>
	
	<!-- 유저에 해당되는 카테고리 갯수 가져오기 -->
	<select id="selectCountByCategory" parameterType="int" resultType="int">
		select count(*) from userCategory where user_idx=#{user_idx}
	</select>
	
	<!-- 유저 카테고리 삭제하기 -->
	<delete id="delete" parameterType="int">  <!--  parameterType변경 : UserCategoryVO >> int -->
		delete from userCategory where user_category_idx = #{user_category_idx}
	</delete>
	
</mapper>