<?xml version="1.0" encoding="UTF-8"?>
<!DOCTYPE mapper
  PUBLIC "-//mybatis.org//DTD Mapper 3.0//EN"
  "http://mybatis.org/dtd/mybatis-3-mapper.dtd">
<mapper namespace="kr.human.ISP.dao.UserDAO">
	
	<!-- 전체회원수 -->
	<select id="selectCount" resultType="int">
   		select count(*) from userInfo
	</select>
	
	<!-- 회원한명 가져오기 -->
	<select id="selectByIdx" parameterType="int" resultType="UserVO" >
		select * from userInfo where user_idx = #{user_idx}
	</select>
	
	<!-- 회원등록 -->
	<insert id="insert" parameterType="UserVO">
		insert into userInfo
			(user_idx,user_id,user_pwd,user_name,user_birth,user_gender,user_phone)
		values
			(user_idx_seq.nextval,#{user_id},#{user_pwd},#{user_name},#{user_birth},#{user_gender},#{user_phone})
	</insert>
	<!-- 회원정보수정 -->
	<update id="update" parameterType="UserVO">
		update userInfo set 
		user_pwd=#{user_pwd},
		user_name=#{user_name}, 
		user_gender=#{user_gender}, 
		user_phone=#{user_phone},
		user_isPublic=#{user_isPublic} 
		where 
		user_idx= #{user_idx}
	</update>
	
	<!-- 삭제시 상태변경 -->
	<update id="delete" parameterType="int">
		update userInfo set 
		user_isDelete = 'Y' where user_idx=#{user_idx}
	</update>
	
	<!-- 메일인증시 인증부여 -->
	<update id="updateUse" parameterType="int">
		update userInfo set
		user_use='Y' where user_idx=#{user_idx}
	</update>
	
	<!-- 비밀번호변경 -->
	<update id="updatePassword" parameterType="UserVO">
		update userInfo set
		user_pwd =#{user_pwd} where user_name=#{user_name}
	</update>

	<!-- 번호로 찾기 -->
	<select id="selectByPhone" parameterType="string" resultType="UserVO">
		select * from userInfo where user_phone=#{user_phone}
	</select>
	
	<!-- (관리자)한페이지 얻기 -->
	<select id="selectList" parameterType="hashmap" resultType="UserVO">	
		select
			R.*
		from
			( select 
				rownum rnum, Q.*
			  from	
				(select * from userInfo order by user_idx desc) Q
			  where
			  	<![CDATA[
			  	rownum  <= #{endNo}
			  	]]>
			) R
		where
			<![CDATA[
			rnum  >= #{startNo}
			]]>
	</select>
	
	
	<!-- 아이디로 찾기 -->
	<select id="selectByUserid" parameterType="string" resultType="UserVO">
		select * from userInfo where user_id=#{user_id}
	</select>
	
	<!-- 관리자모드에서 수정하기 -->
	<update id="supervisorUpdate" parameterType="UserVO">
		update user_info set
		user_name = #{user_name},
		user_phone = #{user_phone},
		user_use = #{user_use},
		user_isDelete = #{user_isDelete}
		where
		user_idx=#{user_idx}
	</update>
	
	<!-- 유저 아이디 중복 확인 -->
	<select id="selectUseridCount" parameterType="string" resultType="int">
		select count(*) from userInfo where user_id=#{user_id}
	</select>
	
	
	
	<!-- 대형추가시작한부분// 가장최근 가입 idx가져오기. -->
	<select id="selectUserIdx" resultType="int">
		select Max(user_idx) from userInfo
	</select>
	<!-- 이름 번호로 찾기 -->
	<select id="selectFindId" parameterType="string" resultType="string">
		select user_id  from userInfo where user_name = #{user_name} and user_phone = #{user_phone}
	</select>
	<!-- 유저 정보 확인(이메일,이름으로) -->
	<select id="serInfoCheck" parameterType="string" resultType="int">
		select count(*) from userInfo where user_id=#{user_id} and user_name=#{user_name}
	</select>
	<!-- 대형추가// 비밀번호 찾기시 임시비밀번호로 비밀번호 업데이트 -->
	<update id="updateTempPassword" parameterType="string">
		update userInfo set  user_pwd = #{user_pwd} where user_id=#{user_id} and user_name=#{user_name}
	</update>
	
	
</mapper>