<?xml version="1.0" encoding="UTF-8"?>
<beans xmlns="http://www.springframework.org/schema/beans"
	xmlns:xsi="http://www.w3.org/2001/XMLSchema-instance"
	xsi:schemaLocation="http://www.springframework.org/schema/beans http://www.springframework.org/schema/beans/spring-beans.xsd">

	<bean name="mathCheat" class="kr.human.di.vo.MathCheat"/>

	<bean name="mathStudent1" class="kr.human.di.vo.MathStudent">
		<constructor-arg name="id" value="2022340001"/>
		<constructor-arg name="mathCheat" ref="mathCheat"/>
	</bean>

	<bean name="mathStudent2" class="kr.human.di.vo.MathStudent">
		<property name="id" value="2022340002"/>
		<property name="mathCheat" ref="mathCheat"/>
	</bean>
	
</beans>
