<?xml version="1.0" encoding="utf-8"?>
<!DOCTYPE hibernate-configuration SYSTEM "http://www.hibernate.org/dtd/hibernate-configuration-3.0.dtd">
 
<hibernate-configuration>
    <session-factory>
        <property name="hibernate.dialect">org.hibernate.dialect.Oracle10gDialect</property>
        <property name="hibernate.connection.driver_class">oracle.jdbc.driver.OracleDriver</property>
        <property name="hibernate.connection.username">jspuser</property>
        <property name="hibernate.connection.password">123456</property>
        <property name="hibernate.connection.url">jdbc:oracle:thin:@127.0.0.1:1521:XE</property>
        <property name="show_sql">true</property>
        <property name="format_sql">false</property>
        <!-- annotation시 여기부분 바뀜 -->
        <mapping class="kr.human.hibernate.vo.Student"/>
    </session-factory>
</hibernate-configuration>