<?xml version="1.0" encoding="UTF-8"?>
<beans xmlns="http://www.springframework.org/schema/beans"
	xmlns:xsi="http://www.w3.org/2001/XMLSchema-instance"
	xsi:schemaLocation="http://www.springframework.org/schema/beans http://www.springframework.org/schema/beans/spring-beans.xsd">

	<bean id="student" class="kr.human.di.vo.Student2">
		<constructor-arg name="id" value="32132131"/>
		<constructor-arg name="mathCheat">
		<bean class="kr.human.di.vo.MathCheat"/>
		</constructor-arg>
	</bean>
	
	<bean name="Math" class="kr.human.di.vo.MathCheat"/>
	
	<bean id="student1" class="kr.human.di.vo.Student2">
		<constructor-arg name="id" value="32132131"/>
		<constructor-arg name="mathCheat" ref="Math"/>
	</bean>

</beans>
