<?xml version="1.0" encoding="UTF-8"?>
<beans xmlns="http://www.springframework.org/schema/beans"
	xmlns:xsi="http://www.w3.org/2001/XMLSchema-instance"
	xsi:schemaLocation="http://www.springframework.org/schema/beans http://www.springframework.org/schema/beans/spring-beans.xsd">


	<bean id="studentAmiya" class="kr.human.di.vo.Student3">
		<property name="id" value ="101"/>
		<property name="studentName" value="Amiya Rout"/>
	</bean>

	<bean id="studentAmiya2" class="kr.human.di.vo.Student3">
		<property name="id" value ="102"/>
		<property name="studentName" value="Amiya Rout"/>
	</bean>
	

</beans>
