<?xml version="1.0" encoding="UTF-8"?>
<!DOCTYPE mapper
  PUBLIC "-//mybatis.org//DTD Mapper 3.0//EN"
  "http://mybatis.org/dtd/mybatis-3-mapper.dtd">
<mapper namespace="kr.human.ISP.dao.BoardCommentDAO">
	
	<!-- 게시물번호에 따른 댓글의 개수 구하기 -->
	<select id="selectCount" parameterType="int" resultType="int">
		select count(*) from boardComment where board_idx=#{board_idx}
	</select>
	
	<!-- 게시물번호에 따른 댓글 리스트 구하기 -->
	<select id="selectList" parameterType="int" resultType="BoardCommentVO">
		select * from boardComment where board_idx=#{board_idx} order by comment_idx desc	
	</select>
	
	<!-- 댓글 1개 얻기 -->
	<select id="selectByIdx" parameterType="int" resultType="BoardCommentVO">
		select * from boardComment where comment_idx=#{comment_idx } 	
	</select>
	
	<!-- 댓글저장 -->
	<insert id="insert" parameterType="BoardCommentVO" >
		insert into boardComment values
		(comment_idx_seq.nextval, #{board_idx}, #{user_idx}, SYSDATE, #{comment_content})
	</insert>
	
	<!-- 댓글수정 -->
	<update id="update" parameterType="BoardCommentVO">
		update boardComment set comment_content=#{comment_content}, comment_regDate=SYSDATE where comment_idx=#{comment_idx}
	</update>
	
	<!-- 댓글삭제 -->
	<delete id="delete" parameterType="int">
		delete from boardComment where comment_idx=#{comment_idx}
	</delete>
	
	<!-- 게시판idx , 관리자idx로 댓글 가져오기 -->
	<select id="selectCommentBoard" parameterType="int" resultType="BoardCommentVO">
		select * from boardComment where board_idx=#{board_idx } and user_idx=#{user_idx} 	
	</select>
	<!-- 게시판idx , 관리자idx로 댓글 있는지 확인하기 -->
	<select id="selectCommentCount" parameterType="int" resultType="int">
		select count(*) from boardComment where board_idx=#{board_idx } and user_idx=#{user_idx} 	
	</select>
	
	
	
</mapper>