<?xml version="1.0" encoding="UTF-8"?>
<beans:beans xmlns="http://www.springframework.org/schema/mvc"
	xmlns:xsi="http://www.w3.org/2001/XMLSchema-instance"
	xmlns:beans="http://www.springframework.org/schema/beans"
	xmlns:context="http://www.springframework.org/schema/context"
	xsi:schemaLocation="http://www.springframework.org/schema/mvc https://www.springframework.org/schema/mvc/spring-mvc.xsd
		http://www.springframework.org/schema/beans https://www.springframework.org/schema/beans/spring-beans.xsd
		http://www.springframework.org/schema/context https://www.springframework.org/schema/context/spring-context.xsd">

	<!-- DispatcherServlet Context: defines this servlet's request-processing infrastructure -->
	
	<!-- Enables the Spring MVC @Controller programming model -->
	<annotation-driven />

	<!-- Handles HTTP GET requests for /resources/** by efficiently serving up static resources in the ${webappRoot}/resources directory -->
	<resources mapping="/resources/**" location="/resources/" />
	<resources mapping="/webjars/**" location="/webjars/" />

	<!-- Resolves views selected for rendering by @Controllers to .jsp resources in the /WEB-INF/views directory -->
	<beans:bean class="org.springframework.web.servlet.view.InternalResourceViewResolver">
		<beans:property name="prefix" value="/WEB-INF/views/" />
		<beans:property name="suffix" value=".jsp" />
	</beans:bean>
	
	<context:component-scan base-package="kr.green.member" />
	
	<!-- ********************************************************************************** -->
	<!-- 업로드된 파일이 저장될 폴더는 직접 접근이 가능해야 한다. -->
	<resources mapping="/upload/**" location="/upload/" />
	<!-- 업로드 관련 객체 등록 시작 -->
	<!-- 1. 업로드 경로 -->
	<beans:bean id="uploadPath" class="java.lang.String">
		<beans:constructor-arg value="upload"/>
	</beans:bean>
	<!-- 2. 업로드 데이터를 처리하는 객체 -->
	<beans:bean id="multipartResolver" class="org.springframework.web.multipart.commons.CommonsMultipartResolver">
		<beans:property name="maxUploadSize" value="20480000"/>
		<beans:property name="maxInMemorySize" value="10240000"/>
		<beans:property name="defaultEncoding" value="UTF-8"/>
	</beans:bean>
	<!-- 업로드 관련 객체 등록 종료 -->
	<!-- 다운로드 객체 등록 시작 -->
	<beans:bean class="org.springframework.web.servlet.view.BeanNameViewResolver">
		<beans:property name="order" value="0"/>
	</beans:bean>
	<!-- 실제 다운로드를 진행할 클래스 : jsp의 download.jsp를 참조 AbstractView을 상속받아 만들면된다. -->
	<beans:bean id="downloadView" class="kr.green.member.controller.FileDownloadView"/>
	<!-- 다운로드 객체 등록 종료 -->
	<!-- ********************************************************************************** -->
	
</beans:beans>
